n_rec,n_active,frac_active,rate_med,rate_mean,cv_isi,corr100,fano100,sync50_p99,sync50_max,nb_per_min,chip_id,date,tag,cell,T
992,118,0.11895161290322581,0.36833529778825486,0.6587605755366288,0.9866205358711688,0.0006445178116864136,0.9299217272520679,0.07627118644067797,0.11016949152542373,0.0,11570,2021-06-23, GFP_rate_code_reseed,human (GFP),599.9968
992,92,0.09274193548387097,0.30166789847725206,0.5659624559408979,1.0142262525374561,0.004017555286544066,1.0941472903826643,0.07608695652173914,0.16304347826086957,0.0,11570,2021-06-24, GFP_rate_code_reseed,human (GFP),599.99755
990,99,0.1,0.34166339239248955,0.5338501027917337,1.1271097064818365,0.008733876744783525,1.4403863134657837,0.08080808080808081,0.18181818181818182,0.0,11570,2021-06-25, GFP_rate_code_reseed,human (GFP),600.00575
1003,51,0.05084745762711865,0.27833769395720537,0.6344543842297975,0.9471528218556936,0.0012922142715484208,0.8385462663835694,0.09803921568627451,0.1568627450980392,0.0,11597,2021-06-03, GFP_low_test_rate_code_random_3,human (GFP),599.9906
999,94,0.0940940940940941,0.38667755808455273,0.6966685590012912,0.9318541672446852,0.0005476289137803646,0.9146399445519121,0.0851063829787234,0.1276595744680851,0.0,11597,2021-06-23, GFP__rate_code_reseed,human (GFP),599.9831
1007,55,0.05461767626613704,0.246675033061538,0.46356117699537425,0.9915437465948296,0.0008678133509256366,0.9204325562913115,0.07272727272727272,0.14545454545454545,0.0,11597,2021-06-24, GFP__rate_code_reseed,human (GFP),599.97965
1005,64,0.06368159203980099,0.219169004469381,0.5243285095041013,0.9770925070397793,0.004317883642638219,1.0068848533871395,0.078125,0.1875,0.0,11597,2021-06-25, GFP_rate_code_reseed,human (GFP),599.9936
1000,88,0.088,0.42751271850337547,1.0066019161039736,0.9409536823551174,0.00234056248009995,0.9504443510762579,0.125,0.20454545454545456,0.10000297508850887,11609,2021-06-23, GFP__rate_code_reseed,human (GFP),599.98215
999,72,0.07207207207207207,0.3315901522390375,0.9997230176173884,0.9765626576283395,0.005768646857042993,1.0059593271788405,0.1388888888888889,0.20833333333333334,0.19995386064665577,11609,2021-06-24, GFP__rate_code_reseed,human (GFP),600.13845
1008,70,0.06944444444444445,0.3550044079713989,0.9895837159025674,1.0317896331770948,0.008889496824890339,1.079772692859408,0.12857142857142856,0.22857142857142856,0.7000086917745895,11609,2021-06-25, GFP_rate_code_reseed,human (GFP),599.99255
1006,73,0.07256461232604373,0.2653015594392293,0.6658710286537113,0.9319560298547961,0.0005559815967108009,0.906536343295289,0.0958904109589041,0.1506849315068493,0.0,11610,2021-06-23, GFP_rate_code-reseed,human (GFP),599.318
997,49,0.04914744232698094,0.19522380782702303,0.44101579193577106,1.0201110109333469,0.001031614153826186,0.9688529496030185,0.08163265306122448,0.14285714285714285,0.0,11610,2021-06-24, GFP_rate_code-reseed,human (GFP),599.31215
1005,47,0.046766169154228855,0.2599411016787113,0.4713471013118475,0.9718298826884104,0.0014797857090926168,0.9632793511396865,0.0851063829787234,0.14893617021276595,0.0,11610,2021-06-25, GFP_rate_code-reseed,human (GFP),600.13595
991,48,0.04843592330978809,0.26664695701242747,0.5719021713422795,0.950692952169791,0.0005260470133937923,0.7631206261510128,0.08333333333333333,0.14583333333333334,0.0,11613,2021-06-03, GFP_low_test_rate_code_random_3,human (GFP),600.04435
1009,89,0.08820614469772052,0.31659179270769133,0.6593197263154381,0.9495051944611216,0.0009144014381155328,0.8831456933078766,0.07865168539325842,0.12359550561797752,0.0,11613,2021-06-23, GFP_rate_code-reseed,human (GFP),600.1419
998,77,0.07715430861723446,0.23333930293049998,0.4861596237308934,0.98782854399482,0.0059616597100002056,1.179907363498263,0.07792207792207792,0.15584415584415584,0.0,11613,2021-06-24, GFP_rate_code-reseed,human (GFP),599.98465
1003,81,0.08075772681954138,0.25829422328302454,0.5247147881189598,0.9865660973648084,0.007636006228321097,1.3656862745098037,0.08641975308641975,0.13580246913580246,0.0,11613,2021-06-25, GFP_rate_code-reseed,human (GFP),600.09085
1016,206,0.20275590551181102,0.22000526179251123,0.42210556461375043,1.4375572050837628,0.08514127833676534,10.468670462937151,0.1262135922330097,0.4174757281553398,1.2000287006864248,11614,2021-05-31, prim_test_rate_code_random_3,mouse primary,599.98565
1021,298,0.29187071498530853,0.346549850487898,0.5479305142837744,1.3544731592280832,0.07771217992153039,15.8785834343352,0.15100671140939598,0.41946308724832215,0.7997304242028416,11614,2021-06-01, prim_test_rate_code_random_3,mouse primary,600.20225
1018,341,0.3349705304518664,0.36333617946673913,0.5675166645110372,1.3675002446392919,0.08125542643404575,19.174260415225348,0.1495601173020528,0.4604105571847507,0.8000062667157558,11614,2021-06-02, prim_test_rate_code_random_3,mouse primary,599.9953
1011,79,0.0781404549950544,0.2869845498864242,0.5559111228702216,0.9491195757490991,0.0001268336648745877,0.8060507098948825,0.0759493670886076,0.11392405063291139,0.0,11615,2021-06-18, GFP_low_test_rate_code_random_3,human (GFP),599.3354
1004,53,0.052788844621513946,0.47382607296370954,0.715838752271775,0.9367853397184416,0.00016347195422617303,0.7798683410025747,0.09433962264150944,0.16981132075471697,0.0,11615,2021-06-21, GFP_low_test_rate_code_random_3,human (GFP),599.37605
1001,31,0.030969030969030968,0.3650064788649999,0.6064623776104284,0.9517053337211937,0.0003525120916374211,0.8621057866981614,0.12903225806451613,0.1935483870967742,0.0,11618,2021-06-03, GFP_low_test_rate_code_random_3,human (GFP),599.98935
1009,67,0.06640237859266601,0.38159273307463343,0.6616131059930522,0.994465564802181,0.0005135185356202077,0.8338453120863452,0.08955223880597014,0.14925373134328357,0.0,11618,2021-06-23, GFP_rate_code_reseed,human (GFP),600.11625
1003,54,0.053838484546360914,0.21166673722224572,0.4510186688580748,1.072846884110888,0.01202739016944831,1.2736776277203241,0.09259259259259259,0.16666666666666666,0.0,11618,2021-06-24, GFP_rate_code_reseed,human (GFP),599.9998
998,66,0.06613226452905811,0.20333806094325027,0.4737988946121785,1.1417118954238117,0.020309654264343002,1.6460050699244608,0.10606060606060606,0.19696969696969696,0.0,11618,2021-06-25, GFP_rate_code_reseed,human (GFP),599.98605
1010,270,0.26732673267326734,0.2582619023954958,0.4579165577886015,1.4460141029317914,0.1360935009814383,22.058083776516778,0.2,0.5370370370370371,2.999170479431564,11619,2021-05-31, prim_test_rate_code_random_3,mouse primary,600.16595
1012,340,0.3359683794466403,0.2966708200581475,0.5216788721316609,1.4163904848784272,0.13228758923728334,27.630228304501262,0.17941176470588235,0.43823529411764706,2.500035000490007,11619,2021-06-01, prim_test_rate_code_random_3,mouse primary,599.9916
1008,385,0.3819444444444444,0.3483482832804908,0.6635782621168661,1.3266266862558367,0.12349504241590689,26.272845611286137,0.2078181818181824,0.5012987012987012,2.7001158799731826,11619,2021-06-02, prim_test_rate_code_random_3,mouse primary,599.97425
1007,222,0.22045680238331677,0.2150037984004384,0.535940399211317,1.3017348805087874,0.13180387638106664,13.287626779594614,0.1802252252252262,0.4144144144144144,2.700047700842715,11621,2021-05-31, prim_test_rate_code_random_3,mouse primary,599.9894
1009,251,0.2487611496531219,0.2617569073604792,0.5705818342493761,1.3166543068997192,0.10689161189386652,12.755803697107277,0.1635458167330648,0.47410358565737054,1.7005862771190368,11621,2021-06-01, prim_test_rate_code_random_3,mouse primary,599.79315
1014,304,0.29980276134122286,0.27410359999670075,0.573289148353362,1.4204929101859876,0.125418906177186,19.451914356203016,0.16447368421052633,0.4901315789473684,2.199493933104225,11621,2021-06-02, prim_test_rate_code_random_3,mouse primary,600.13805
997,63,0.06318956870611836,0.3033379086801226,0.5101664251689764,0.917182550172122,0.0007797278285838419,0.9346975295543707,0.07936507936507936,0.14285714285714285,0.0,11623,2021-06-18, GFP_low_test_rate_code_random_3,human (GFP),599.99095
1023,49,0.047898338220918865,0.2349928425096719,0.3399216193431265,1.0912311499645901,0.032076603901960106,2.024165003085339,0.08163265306122448,0.8979591836734694,0.7999756340754788,11623,2021-06-21, GFP_test_reseed,human (GFP),1200.03655
1007,295,0.2929493545183714,0.5783372371096839,0.9955377933264327,0.902950372053175,0.0007360877951727724,0.9781303937462011,0.0847457627118644,0.10508474576271186,0.0,12106,2021-06-23, ngn2_test_rate_code_random_3_reseed,human NGN2,599.99595
1007,227,0.22542204568023833,0.4316701560004277,0.7533027118107238,0.9135071700133446,0.000967487647697218,1.1214722712177754,0.07488986784140969,0.1013215859030837,0.0,12123,2021-06-21, ngn2_test_rate_code_random_3_reseed,human NGN2,599.99515
1020,167,0.16372549019607843,0.30160513921826615,0.6014641276652617,0.8791383068227786,0.0007208206179675383,0.9626743281835529,0.0658682634730539,0.10778443113772455,0.0,12123,2021-06-22, ngn2_test_rate_code_random_3_reseed,human NGN2,600.1224
1017,268,0.2635201573254671,0.5865512627057292,0.9702071216990543,0.8649852388871216,0.0024687029256724017,1.4139866268576773,0.08955223880597014,0.11940298507462686,0.0,12123,2021-06-23, ngn2_test_rate_code_random_3_reseed,human NGN2,600.11805
1019,215,0.21099116781157998,0.4483328476394151,0.8189913608213747,0.8724181719542645,0.0007109679528798183,0.9481566302883446,0.07441860465116279,0.10697674418604651,0.0,12138,2021-06-21, ngn2_test_rate_code_random_3_reseed,human NGN2,600.00065
1015,247,0.24334975369458128,0.4250066230198754,0.8356473001731268,0.8811141326216029,0.0007198850827429164,0.9457077840626574,0.07692307692307693,0.09716599190283401,0.0,12138,2021-06-22, ngn2_test_rate_code_random_3_reseed,human NGN2,599.99065
1015,296,0.2916256157635468,0.6308355412577278,1.1887992058422656,0.8668743899848508,0.0004823134452231059,0.8408811160351459,0.0945945945945946,0.125,0.0,12138,2021-06-23, ngn2_test_rate_code_random_3_reseed,human NGN2,599.9979
1011,241,0.23837784371909002,0.4583375729558832,0.8558377920182484,0.8952460278989218,0.000709939014667841,1.0831961369364738,0.08298755186721991,0.1037344398340249,0.0,12160,2021-06-22, ngn2_test_rate_code_random_3_reseed,human NGN2,599.99445
1012,207,0.20454545454545456,0.4833348236157061,0.8282634233774395,0.9044486755178773,0.0006646568369112545,0.9732396462447191,0.07729468599033816,0.10628019323671498,0.0,12250,2021-06-21, ngn2_test_rate_code_random_3_reseed,human NGN2,599.99815
1008,228,0.2261904761904762,0.510011262748719,0.7761721112276903,0.9051320718130638,0.0006932447416130752,1.0279369388941852,0.07456140350877193,0.09649122807017543,0.0,12250,2021-06-22, ngn2_test_rate_code_random_3_reseed,human NGN2,599.98675
1019,268,0.26300294406280667,0.5633406567618713,1.0033215008909544,0.892906135412634,0.0006031562135652319,0.9385337380085562,0.08582089552238806,0.11567164179104478,0.0,12250,2021-06-23, ngn2_test_rate_code_random_3_reseed,human NGN2,599.9922
1014,255,0.2514792899408284,0.4203235791019787,0.7723462118456805,0.8918892246161463,0.0003543839643980804,0.9298387819957836,0.07058823529411765,0.09411764705882353,0.0,12265,2021-06-21, ngn2_test_rate_code_random_3_reseed,human NGN2,599.5381
771,283,0.3670557717250324,0.43238245225707794,0.8445502315627513,0.7782127399551284,0.001065266453694348,1.149943223689394,0.07420494699646643,0.09187279151943463,0.0,12265,2021-06-22, ngn2_test_rate_code_random_3_reseed,human NGN2,60.13195
1016,321,0.3159448818897638,0.4915438216732335,1.0010997565647586,0.8941992766744953,0.0003251272685279106,0.8619476710389962,0.08099688473520249,0.10903426791277258,0.0,12265,2021-06-23, ngn2_test_rate_code_random_3_reseed,human NGN2,600.14995
1005,189,0.1880597014925373,0.40665988900184996,0.7648990682606788,0.9083159690472414,0.0008142905256010265,1.0006540619475828,0.07936507936507936,0.10052910052910052,0.0,12285,2021-06-21, ngn2_test_rate_code_random_3_reseed,human NGN2,600.01
1013,191,0.1885488647581441,0.4866693027920568,0.8594985474146886,0.8931161239367649,0.0007331920040913244,0.939576471518608,0.08376963350785341,0.1256544502617801,0.0,12285,2021-06-22, ngn2_test_rate_code_random_3_reseed,human NGN2,599.99675
1010,224,0.22178217821782178,0.5200120902810991,0.968534423187244,0.8774477987764899,0.0006023213573994594,0.9178957168938318,0.08482142857142858,0.12946428571428573,0.0,12285,2021-06-23, ngn2_test_rate_code_random_3_reseed,human NGN2,599.98605
1024,26,0.025390625,0.19081617577886123,0.2409398739512057,1.3805495218850643,0.028725438919081366,1.6651081923386788,0.11538461538461539,0.6538461538461539,0.3999640365670454,7278,2021-02-19, GFP_predictable_stim_test,human (GFP),1200.1079
1020,20,0.0196078431372549,0.13959274421083886,0.18438743078595882,1.230948808385198,0.023012040538259337,1.4127560596136044,0.1,0.95,0.550037081666589,7278,2021-02-22, GFP_predictable_stim_test,human (GFP),1199.9191
869,14,0.01611047180667434,0.16831259581892347,0.20777201980334575,1.3929057798805515,0.019709878030576576,1.2404229924488144,0.14285714285714285,0.5,1.9997536136901801,7278,2021-02-23, GFP_predictable_stim_test,human (GFP),1200.14785
987,54,0.0547112462006079,0.1731108826510943,0.2331164755307775,1.4114035798731495,0.033537579244372756,2.7787113199758147,0.09259259259259259,0.9814814814814815,0.15016847651661192,7282,2021-02-19, GFP_predictable_stim_test,human (GFP),1198.6537
1003,36,0.03589232303090728,0.22753921259096982,0.2655550232415979,1.5582066834293604,0.029834835952604995,2.1074864583265884,0.1111111111111111,0.9444444444444444,0.1500258544555845,7282,2021-02-22, GFP_predictable_stim_test,human (GFP),1199.7932
1016,40,0.03937007874015748,0.17586480580587235,0.2463774246266155,1.4863355674263972,0.03152147323360821,2.235090617363805,0.1,0.95,0.40007159614606036,7282,2021-02-23, GFP_predictable_stim_test,human (GFP),1199.78525
1011,91,0.09000989119683482,0.2583521069197695,0.39270252905777087,1.3951256684122917,0.03195433136251786,3.413158983892796,0.08791208791208792,0.7912087912087912,0.9500690383501201,7282a,2021-03-01, GFP_predictable_stim_test_no_random_3,human (GFP),1199.9128
1024,100,0.09765625,0.21289949277424952,0.3315232571239254,1.3435712474144692,0.038460500126679946,4.085969525581083,0.08,0.7,2.099830613663831,7282a,2021-03-02, GFP_predictable_stim_test_no_random_3,human (GFP),1200.0968
998,110,0.11022044088176353,0.22795178073889133,0.34999330749180213,1.42325367114509,0.044111180203795876,4.653374205652591,0.08181818181818182,0.8636363636363636,1.65025420790861,7282a,2021-03-03, GFP_predictable_stim_test_no_random_3,human (GFP),1199.81515
975,105,0.1076923076923077,0.24919870946739234,0.3679758869947074,1.357919619031086,0.038062345187463154,4.033812213161978,0.0761904761904762,0.9714285714285714,1.7002186197775262,7282a,2021-03-04, GFP_predictable_stim_test_no_random_3,human (GFP),1199.8457
1021,104,0.10186092066601371,0.3050333884463104,0.4089309788521115,1.4277297753259517,0.035197611173926134,4.085664957591714,0.08653846153846154,0.7692307692307693,0.8500930497684059,7282a,2021-03-05, GFP_predictable_stim_test_no_random_3,human (GFP),1199.86865
1009,128,0.12685827552031714,0.24212110422559255,0.33220677217312566,1.4085845221115183,0.033230411825923546,4.532573140252687,0.0703125,0.71875,0.8501326206888276,7282a,2021-03-08, GFP_predictable_stim_test_no_random_3,human (GFP),1199.8128
1020,135,0.1323529411764706,0.275805706795036,0.36553128718396827,1.3497320187710038,0.030343325931019214,4.524725738078645,0.07407407407407407,0.8814814814814815,0.9998998433656894,7282a,2021-03-09, GFP_predictable_stim_test_no_random_3,human (GFP),1200.1202
1015,116,0.11428571428571428,0.285860692583786,0.38247195058052297,1.3430306985176228,0.03570554783482238,4.4177144641864174,0.07758620689655173,0.9482758620689655,0.9500909316195804,7282a,2021-03-11, GFP_predictable_stim_test_no_random_3,human (GFP),1199.88515
1006,134,0.13320079522862824,0.3012586988449292,0.3885311193335832,1.3677917304186666,0.04467864130285376,5.764391664213139,0.08208955223880597,0.7910447761194029,1.3500389823756163,7282a,2021-03-12, GFP_predictable_stim_test_no_random_3,human (GFP),1199.96535
984,55,0.05589430894308943,0.1392042866251271,0.21483078529245253,1.5152859236881233,0.059269101917441454,3.338172879753163,0.12727272727272726,0.4909090909090909,3.0008109691644167,7890,2021-03-02, tdt_predictable_stim_test_no_random_3,human (GFP),1199.6757
990,62,0.06262626262626263,0.2387761360378905,0.29511294773269425,1.572419709258721,0.06720793776276013,4.292145849893244,0.12903225806451613,0.3870967741935484,3.5503886196209895,7890,2021-03-03, tdt_predictable_stim_test_no_random_3,human (GFP),1199.86865
971,57,0.05870236869207003,0.18350437470258738,0.2426091729022485,1.5040237401526775,0.05697204295857415,3.3026683507218793,0.10526315789473684,0.3684210526315789,3.353125392292733,7890,2021-03-04, tdt_predictable_stim_test_no_random_3,human (GFP),1198.8815
983,52,0.052899287894201424,0.18838091521283418,0.2976392812859007,1.7920577463865677,0.06839570329615716,4.099629730431528,0.1346153846153846,0.6923076923076923,2.6506695149416495,7890,2021-03-05, tdt_predictable_stim_test_no_random_3,human (GFP),1199.6969
1007,68,0.06752730883813307,0.20504613538046063,0.29388965458404614,1.6457461059796128,0.06119077884527906,4.542855887764086,0.11764705882352941,0.9558823529411765,1.4503263234227701,7890,2021-03-08, tdt_predictable_stim_test_no_random_3,human (GFP),1199.73
958,60,0.06263048016701461,0.18919636261241501,0.26968121760333513,1.4256340127591738,0.042786616097193614,2.877370017377937,0.11666666666666667,0.2833333333333333,1.6002511727569906,7890,2021-03-09, tdt_predictable_stim_test_no_random_3,human (GFP),1199.81165
980,72,0.07346938775510205,0.18626878986417755,0.2637766084653789,1.5530902944550207,0.031944562709145245,2.9804253194309998,0.09722222222222222,0.3472222222222222,0.40004035407071686,7890,2021-03-11, tdt_predictable_stim_test_no_random_3,human (GFP),1199.87895
983,107,0.10885045778229908,0.20590374383440205,0.27658211850108244,1.405413532209524,0.05887156234321695,6.65208340503483,0.12149532710280374,0.3177570093457944,0.8002736602470687,7890,2021-03-12, tdt_predictable_stim_test_no_random_3,human (GFP),1199.58965
980,89,0.09081632653061225,0.13166810952970026,0.23686589153554458,1.4669356846628492,0.13136502043275589,7.908664925903851,0.14606741573033707,0.8876404494382022,8.250090407240712,8790,2021-03-01, tdt_predictable_stim_test_no_random_3,human (GFP),1199.98685
1024,44,0.04296875,0.17581627915425535,0.36575997582779923,1.1396751435841423,0.023946731948980976,1.5945276625449831,0.09090909090909091,0.8863636363636364,0.49995150470404365,9323,2021-04-16, prim_test_rate_code,mouse primary,1200.1164
991,74,0.07467204843592332,0.24584955940425401,0.47545930824227184,0.9485702655270349,-2.5990170285194874e-05,0.8217450626306252,0.06756756756756757,0.10810810810810811,0.0,9323,2021-04-23, low_test_rate_code,mouse primary,599.9604
992,71,0.0715725806451613,0.2183357532212649,0.45261065023752384,0.986104778010071,0.00206878921037203,0.8869935112642229,0.07042253521126761,0.14084507042253522,0.0,9353,2021-06-02, GFP_low_test_rate_code_random_3,human (GFP),599.99335
988,48,0.048582995951417005,0.2466078506942761,0.46790923698031356,0.9548250939241973,-0.00013932475803092858,0.7778233656416915,0.08333333333333333,0.125,0.0,9353,2021-06-07, GFP_low_test_rate_code_random_3,human (GFP),600.1431
986,58,0.058823529411764705,0.25000516677344664,0.49480907662896295,0.9691521363266383,0.001773605478308693,0.8534453873786787,0.08620689655172414,0.13793103448275862,0.0,9353,2021-06-10, GFP_low_test_rate_code_random_3,human (GFP),599.9876
991,44,0.044399596367305755,0.2850081702342134,0.6021763532978853,0.9413434854981052,-0.00015387210340679305,0.7417097564913435,0.09090909090909091,0.1590909090909091,0.0,9353,2021-06-11, GFP_low_test_rate_code_random_3,human (GFP),599.9828
993,50,0.050352467270896276,0.28335430155164815,0.5596414134645964,0.9574700317272236,0.0011267664199607105,0.7833120650498294,0.1,0.14,0.0,9353,2021-06-17, GFP_low_test_rate_code_random_3,human (GFP),599.9556
991,58,0.05852674066599395,0.3066081300645018,0.5549227916225499,0.9593342181454609,0.001886924353080036,0.8311377360616281,0.08620689655172414,0.15517241379310345,0.0,9353,2021-06-18, GFP_low_test_rate_code_random_3,human (GFP),600.11455
1000,94,0.094,0.2641686919599717,0.4300387579567189,0.9926463926668704,0.0036851301371207254,1.2344825373453967,0.07446808510638298,0.1276595744680851,0.0,9358,2021-06-02, GFP_low_test_rate_code_random_3,human (GFP),599.9954
1003,83,0.08275174476570289,0.28000163334286116,0.4587175352900402,0.9760630557492336,0.0031032577868443816,1.1833634851670045,0.07228915662650602,0.13253012048192772,0.0,9358,2021-06-07, GFP_low_test_rate_code_random_3,human (GFP),599.9965
1004,89,0.08864541832669323,0.33500139583914934,0.4830919005233683,0.9654413706992743,0.002530371107870439,1.18459564645495,0.07865168539325842,0.15730337078651685,0.0,9358,2021-06-09, GFP_low_test_rate_code_random_3,human (GFP),599.9975
1008,91,0.09027777777777778,0.3033351280661744,0.5525490567943737,0.9599389607299011,0.00439002581145497,1.3346985755153897,0.08791208791208792,0.16483516483516483,0.0,9358,2021-06-10, GFP_low_test_rate_code_random_3,human (GFP),599.99645
993,98,0.0986908358509567,0.28750270731716054,0.4497151191711137,0.9768365771510356,0.002931834259867406,1.2436351089347562,0.07142857142857142,0.1326530612244898,0.0,9358,2021-06-11, GFP_low_test_rate_code_random_3,human (GFP),599.99435
999,90,0.09009009009009009,0.32659870691906856,0.4841214846099662,0.9653879502510396,0.0022145162395176923,1.169836668837852,0.07777777777777778,0.13333333333333333,0.0,9358,2021-06-15, GFP_low_test_rate_code_random_3,human (GFP),600.12485
1004,97,0.09661354581673307,0.3182594971299992,0.4940778138097391,0.9962997214178475,0.005284958631755226,1.4112895798954455,0.08247422680412371,0.14432989690721648,0.0,9358,2021-06-16, GFP_low_test_rate_code_random_3,human (GFP),600.1392
995,81,0.0814070351758794,0.32502006998932187,0.4963680992898019,0.9861851795129303,0.002198830139501786,1.084973592590072,0.07407407407407407,0.14814814814814814,0.0,9358,2021-06-17, GFP_low_test_rate_code_random_3,human (GFP),599.96295
1002,98,0.09780439121756487,0.2925132362239391,0.4763140702184801,0.9941068542003257,0.009007459730358682,1.7446125089169326,0.09183673469387756,0.15306122448979592,0.0,9358,2021-06-18, GFP_low_test_rate_code_random_3,human (GFP),599.97285
1006,204,0.20278330019880716,0.29155147953629323,0.5918576701667855,1.2021478678495554,0.10206358152193551,10.625327667328671,0.19098039215685844,0.4264705882352941,2.9988152180875876,9381,2021-05-31, prim_test_rate_code_random_3,mouse primary,600.23705
1006,261,0.25944333996023855,0.2984659765877619,0.6725402674141882,1.1714387066928864,0.09158802810272167,12.529499767070567,0.1839080459770115,0.5210727969348659,3.3014672270601597,9381,2021-06-01, prim_test_rate_code_random_3,mouse primary,599.73335
1005,288,0.2865671641791045,0.4725154355042265,0.8672968502156255,1.1327086930721237,0.06954080373187042,10.407311734776178,0.18059027777777853,0.4131944444444444,3.0000980032014377,9381,2021-06-02, prim_test_rate_code_random_3,mouse primary,599.9804
1002,31,0.03093812375249501,0.18166931601085848,0.49619003180355525,1.0280843045146104,0.066935153925867,1.6869278458705697,0.12903225806451613,0.5483870967741935,3.00004375063803,9431,2021-04-21, low_test_rate_code_3,mouse primary,599.99125
996,29,0.029116465863453816,0.19167533997580058,0.8411300151561742,1.020818565946676,0.04108222490992874,0.9005933055545706,0.13793103448275862,0.5517241379310345,2.8001267057334345,9431,2021-04-22, low_test_rate_code_3,mouse primary,599.97285
1003,27,0.026919242273180457,0.17849764041133195,0.8396617975735552,1.0516301336259841,0.03371928791750529,0.7418774159642999,0.14814814814814814,0.5555555555555556,2.001842696201854,9431,2021-04-23, low_test_rate_code_3,mouse primary,599.4477
1007,32,0.031777557100297914,0.15167038259104015,1.1019540812083228,1.0061928774094195,0.013231763220144854,0.5629304248985791,0.15625,0.5,0.5000122503001323,9431,2021-04-27, low_test_rate_code_3,mouse primary,599.9853
1024,227,0.2216796875,0.15467515317673763,0.1606224883616122,2.937760161353234,0.8001016273537134,166.0217207640407,0.1277533039647577,1.0,10.793635689072344,9468,2021-06-18, GFP_low_test_rate_code_random_3,human (GFP),594.79495
1009,21,0.02081268582755203,0.33321504199342566,0.5486147655677475,0.9716677238064318,-0.00034210926953377567,0.8882589228525409,0.14285714285714285,0.2857142857142857,0.2998935377940831,9468,2021-06-21, GFP_low_test_rate_code_random_3,human (GFP),600.213
988,44,0.044534412955465584,0.30333740311015844,0.4433771607647856,0.9699346770837222,0.0011060736423996256,0.9520932233079692,0.09090909090909091,0.1590909090909091,0.0,9495,2021-06-02, GFP_low_test_rate_code_random_3,human (GFP),599.99195
998,51,0.05110220440881764,0.2750241792090888,0.5170389203907052,0.9796613846338962,0.0028333099090625765,0.9669697762877871,0.09803921568627451,0.13725490196078433,0.0,9495,2021-06-07, GFP_low_test_rate_code_random_3,human (GFP),599.94725
988,53,0.053643724696356275,0.2883553925208612,0.5550739096949722,0.981430265190731,0.0028272161744425993,1.006964786860133,0.09433962264150944,0.1509433962264151,0.0,9495,2021-06-09, GFP_low_test_rate_code_random_3,human (GFP),599.9541
1000,56,0.056,0.31660878002805154,0.5631708431213255,0.9992934114466219,0.006495675372603498,1.212460926454841,0.10714285714285714,0.19642857142857142,0.0,9495,2021-06-10, GFP_low_test_rate_code_random_3,human (GFP),600.1097
1002,47,0.046906187624750496,0.3349336273195195,0.5296822686729777,0.95135919252051,0.003969682886743107,1.098768344499478,0.10638297872340426,0.19148936170212766,0.0,9495,2021-06-11, GFP_low_test_rate_code_random_3,human (GFP),600.1189
1009,52,0.05153617443012884,0.3183463855351403,0.5511123391956505,0.9634919085362947,0.007017029309106465,1.2420314105163053,0.09615384615384616,0.19230769230769232,0.0,9495,2021-06-15, GFP_low_test_rate_code_random_3,human (GFP),599.9754
1001,61,0.060939060939060936,0.330017793459364,0.5730090368137375,0.9433842414125191,0.010503342313259622,1.4935416833200776,0.11475409836065574,0.19672131147540983,0.0,9495,2021-06-16, GFP_low_test_rate_code_random_3,human (GFP),599.96765
996,61,0.06124497991967871,0.3334918809317263,0.5336143448908385,0.9921269514869768,0.007488347363938394,1.317272792817174,0.09836065573770492,0.18032786885245902,0.0,9495,2021-06-17, GFP_low_test_rate_code_random_3,human (GFP),599.71475
1024,64,0.0625,0.3175327852600781,0.570709967470808,0.9840870909271955,0.017813006997755225,1.9946301731377205,0.109375,0.90625,0.10001032606616633,9495,2021-06-18, GFP_low_test_rate_code_random_3,human (GFP),599.93805
1021,191,0.18707149853085211,0.2532640234122595,0.5870557472970516,1.380161152110777,0.07322508759282943,7.428467088271247,0.12041884816753927,0.39267015706806285,1.2996443306681738,9501,2021-05-31, prim_test_rate_code_random_3,mouse primary,600.1642
1018,306,0.3005893909626719,0.30576491843283404,0.64646210791599,1.422562278281628,0.10176330510430233,15.788035375172448,0.1437908496732026,0.48366013071895425,1.5996420800845812,9501,2021-06-01, prim_test_rate_code_random_3,mouse primary,600.13425
1018,301,0.2956777996070727,0.4115665873914993,0.7220835495628225,1.221100647045965,0.06876725892155384,11.5769794031402,0.12292358803986711,0.5083056478405316,0.9997568924489861,9501,2021-06-02, prim_test_rate_code_random_3,mouse primary,600.1459
1007,138,0.13704071499503476,0.3708358673784271,0.9624703449966329,0.9525258385842439,0.01992789517715411,1.9110474471078378,0.13768115942028986,0.2608695652173913,1.4000095667320394,9501,2021-07-12, prim_rate_code_crecontrol,mouse primary,599.9959
1001,155,0.15484515484515485,0.30991314684059795,0.9507120575695222,1.042387409077227,0.032889686942772806,3.0416048808435585,0.15483870967741936,0.3096774193548387,3.4990193998132026,9501,2021-07-13, prim_rate_code_crecontrol,mouse primary,600.16815
1012,238,0.23517786561264822,0.338250180164043,0.9877543759288028,1.0913419746463169,0.08755138496880042,8.961855807421548,0.22268907563025211,0.3487394957983193,7.198230435018058,9501,2021-07-14, prim_rate_code_crecontrol,mouse primary,600.1475
1006,252,0.2504970178926441,0.28242492204155734,0.9075034643237764,1.1611360473662864,0.12153205993748892,13.115738547221305,0.23015873015873015,0.38492063492063494,6.098378847623007,9501,2021-07-15, prim_rate_code_crecontrol,mouse primary,600.1595
1008,26,0.025793650793650792,0.16747102751224038,0.44831987655879135,0.9743779513353111,0.0011987822222233454,0.840818685399731,0.11538461538461539,0.19230769230769232,0.0,9501,2021-07-20, prim_rate_code_crecontrol,mouse primary,600.1038
1006,74,0.073558648111332,0.2308356416897502,0.8943557904047508,0.977913492841642,0.02891378597109304,1.1187185405371982,0.12162162162162163,0.3783783783783784,2.9000290002900027,9501i,2021-04-19, prim_test_rate_code,mouse primary,599.994
1006,83,0.08250497017892644,0.2383292817355438,0.7389432612577312,0.9717318719291905,0.06700298738486764,2.3538302625977154,0.14457831325301204,0.4819277108433735,4.699920101358277,9501i,2021-04-20, prim_test_rate_code,mouse primary,600.0102
1004,76,0.07569721115537849,0.2400064001706712,0.7862709672257926,1.0329731403817166,0.04998460866260598,1.9694389293997856,0.13157894736842105,0.4605263157894737,4.100109336248966,9501i,2021-04-21, prim_test_rate_code,mouse primary,599.984
1004,62,0.061752988047808766,0.24828311807270312,0.8699853357884174,0.9735012114565469,0.02232716565434698,0.9756094572473214,0.11290322580645161,0.45161290322580644,1.899615802703903,9501i,2021-04-22, prim_test_rate_code,mouse primary,600.12135
998,96,0.09619238476953908,0.20167634713132898,0.592580527198639,1.044473231566643,0.09440646448822455,4.029687339209079,0.14583333333333334,0.5520833333333334,4.900235211290142,9501i,2021-04-23, prim_test_rate_code,mouse primary,599.9712
1003,78,0.07776669990029911,0.23740203209475555,0.8915551618262967,0.9712953240160922,0.02627392568988645,1.0581062781641315,0.11538461538461539,0.358974358974359,1.799257506402358,9501i,2021-04-27, prim_test_rate_code,mouse primary,600.2476
986,106,0.1075050709939148,0.4240548222073095,0.8039074662611196,0.9607008892844598,0.0002066511335787089,0.8537278676293343,0.08490566037735849,0.12264150943396226,0.0,11570,2021-06-23, GFP_rate_code_reseed,human (GFP),600.15825
994,96,0.096579476861167,0.28573082739900396,0.5491779823988144,0.9899440744267402,0.004293278729592733,1.1148550634818837,0.07291666666666667,0.20833333333333334,0.09996413786554074,11570,2021-06-24, GFP_rate_code_reseed,human (GFP),600.21525
993,105,0.10574018126888217,0.2583421169653102,0.5256051721631552,1.075187357212655,0.012492203908123518,1.6745941705555119,0.0761904761904762,0.24761904761904763,0.40001360046241574,11570,2021-06-25, GFP_rate_code_reseed,human (GFP),599.9796
1000,48,0.048,0.26252167991539965,0.659776708782089,0.9413854616077784,0.0007935424478891895,0.8099709514369734,0.10416666666666667,0.1875,0.0,11597,2021-06-03, GFP_low_test_rate_code_random_3,human (GFP),599.95045
1003,87,0.08673978065802593,0.26000041166731847,0.6213611370785053,0.9282635195895718,0.0006685841218120795,0.8836269286524112,0.08045977011494253,0.11494252873563218,0.0,11597,2021-06-23, GFP__rate_code_reseed,human (GFP),599.99905
1002,53,0.05289421157684631,0.25991059075677964,0.49536418591501374,0.9502937755894677,0.0008730324623715571,0.9125011575651085,0.07547169811320754,0.1509433962264151,0.0,11597,2021-06-24, GFP__rate_code_reseed,human (GFP),600.2064
1003,63,0.06281156530408774,0.26334676401829826,0.5172221455251891,0.9637312036922979,0.0030023613780186557,1.000181602706787,0.07936507936507936,0.14285714285714285,0.0,11597,2021-06-25, GFP_rate_code_reseed,human (GFP),599.9694
1010,81,0.0801980198019802,0.394851108227939,1.093291441722554,0.9606040741860294,0.0021569578481645587,0.919461154270445,0.13580246913580246,0.19753086419753085,0.0,11609,2021-06-23, GFP__rate_code_reseed,human (GFP),600.22625
1004,73,0.07270916334661355,0.27334103243908037,0.9587484659356718,0.9515940499250565,0.005330202154426809,1.0296055574980412,0.1232876712328767,0.1917808219178082,0.0,11609,2021-06-24, GFP__rate_code_reseed,human (GFP),599.9831
998,72,0.07214428857715431,0.36083516757876855,0.966879914972901,0.9902131700973243,0.00745364283288598,1.1142175549905096,0.1388888888888889,0.20833333333333334,0.10000050833591738,11609,2021-06-25, GFP_rate_code_reseed,human (GFP),599.99695
996,64,0.0642570281124498,0.39906995871333845,0.8293042402724407,0.9536093510382968,0.00013710282407573452,0.814762528536891,0.109375,0.15625,0.0,11610,2021-06-23, GFP_rate_code-reseed,human (GFP),600.1454
1007,48,0.047666335650446874,0.18360580434698426,0.45925792765352674,0.9728149549016729,0.0013929362502863168,0.9501687788384074,0.08333333333333333,0.1875,0.0,11610,2021-06-24, GFP_rate_code-reseed,human (GFP),599.1096
1004,47,0.046812749003984064,0.2433074413664479,0.46785801352816675,0.9590764152228264,0.0014893377387781889,0.9808360622599556,0.0851063829787234,0.14893617021276595,0.0,11610,2021-06-25, GFP_rate_code-reseed,human (GFP),600.06385
999,46,0.04604604604604605,0.25668692354304967,0.5746830332287926,0.9796828672716473,-0.00017404793040918007,0.7889546843258163,0.08695652173913043,0.15217391304347827,0.0,11613,2021-06-03, GFP_low_test_rate_code_random_3,human (GFP),599.95265
1005,82,0.08159203980099503,0.25917573781749026,0.6046959611066062,0.9433578417329977,0.0006729300787330693,0.8712584164374794,0.08536585365853659,0.15853658536585366,0.0,11613,2021-06-23, GFP_rate_code-reseed,human (GFP),599.979
1000,78,0.078,0.20499928250251123,0.47619491451438034,0.9885296417843585,0.005790275546832969,1.1764323909954377,0.07692307692307693,0.1282051282051282,0.0,11613,2021-06-24, GFP_rate_code-reseed,human (GFP),600.0021
1005,71,0.07064676616915423,0.3016197396621709,0.5694419207597535,1.011830782206476,0.006166665861601018,1.2080269304754057,0.09859154929577464,0.16901408450704225,0.0,11613,2021-06-25, GFP_rate_code-reseed,human (GFP),600.09335
1014,210,0.20710059171597633,0.20666876779913929,0.40423426844522126,1.4145543913085779,0.09253161136992236,11.408157067363451,0.12380952380952381,0.38095238095238093,1.2000122001240345,11614,2021-05-31, prim_test_rate_code_random_3,mouse primary,599.9939
1018,300,0.29469548133595286,0.3208362743325147,0.5467994567727982,1.5314205266206693,0.09335790711578844,18.749506389804257,0.15666666666666668,0.4766666666666667,1.2000110001008342,11614,2021-06-01, prim_test_rate_code_random_3,mouse primary,599.9945
1017,333,0.3274336283185841,0.35333618946753154,0.5790887650516016,1.3152551856179213,0.07432354934602502,17.3402867682276,0.14414414414414414,0.5075075075075075,0.7000056583790719,11614,2021-06-02, prim_test_rate_code_random_3,mouse primary,599.99515
1004,75,0.07470119521912351,0.3136517944553036,0.5705348385950091,0.9302158955588009,-3.742721256254721e-05,0.7861302882791844,0.08,0.12,0.0,11615,2021-06-18, GFP_low_test_rate_code_random_3,human (GFP),599.3908
1005,56,0.05572139303482587,0.40210405535287674,0.6800850005545913,0.9318996825837086,0.0006782634396646198,0.7972713119005151,0.10714285714285714,0.14285714285714285,0.0,11615,2021-06-21, GFP_low_test_rate_code_random_3,human (GFP),599.34735
991,32,0.03229061553985873,0.2867073791145009,0.5995122140677309,1.0391729845735416,0.0011176723556404666,0.8915752764482383,0.125,0.1875,0.0,11618,2021-06-03, GFP_low_test_rate_code_random_3,human (GFP),599.9148
993,63,0.0634441087613293,0.3000041000560341,0.6183153286163694,0.9875940890992954,0.0004988922912191492,0.8860228327241071,0.09523809523809523,0.12698412698412698,0.0,11618,2021-06-23, GFP_rate_code_reseed,human (GFP),599.9918
1004,57,0.05677290836653386,0.22167529353017323,0.4471226636815564,1.099428669562245,0.011524701305956895,1.322753979828609,0.08771929824561403,0.17543859649122806,0.0,11618,2021-06-24, GFP_rate_code_reseed,human (GFP),599.97665
1003,61,0.06081754735792622,0.2366094466154935,0.454862676638328,1.1440036203124178,0.023492622193555864,1.7361101717996046,0.09836065573770492,0.22950819672131148,0.1999516450271776,11618,2021-06-25, GFP_rate_code_reseed,human (GFP),600.1451
1007,237,0.23535253227408143,0.25000781274414824,0.4716603090049095,1.2806645338342137,0.09295046881075948,12.666652945731427,0.1350210970464135,0.5063291139240507,1.9000593768555267,11619,2021-05-31, prim_test_rate_code_random_3,mouse primary,599.98125
1010,295,0.29207920792079206,0.2700112054650268,0.47883343090941666,1.4595714721855335,0.11022214099696696,19.7368557342857,0.155966101694916,0.5186440677966102,2.000083003444643,11619,2021-06-01, prim_test_rate_code_random_3,mouse primary,599.9751
1011,342,0.33827893175074186,0.33825054651207453,0.6347861565560192,1.3872822369035156,0.10619897753375153,20.428734074930322,0.16666666666666666,0.49415204678362573,2.2994372127421814,11619,2021-06-02, prim_test_rate_code_random_3,mouse primary,600.14685
1007,188,0.18669314796425024,0.26083705026129955,0.5718343897748062,1.2114550308899688,0.10047568322491203,8.82334994476505,0.13297872340425532,0.425531914893617,1.8000256503655179,11621,2021-05-31, prim_test_rate_code_random_3,mouse primary,599.99145
1010,266,0.2633663366336634,0.2451517489325893,0.5190556312753585,1.4737143388744696,0.12220747878552411,16.221722528843053,0.16917293233082706,0.5150375939849624,2.201362643476312,11621,2021-06-01, prim_test_rate_code_random_3,mouse primary,599.6286
1012,307,0.30335968379446643,0.24160294389021564,0.5429295493454752,1.4248388254065554,0.13349547499287928,21.030050149518942,0.17244299674266675,0.5374592833876222,2.699288062773444,11621,2021-06-02, prim_test_rate_code_random_3,mouse primary,600.15825
997,64,0.0641925777331996,0.32416920599211363,0.5183113517722555,0.9357016827652517,0.0007667754369654929,0.9242155633071532,0.078125,0.125,0.0,11623,2021-06-18, GFP_low_test_rate_code_random_3,human (GFP),599.9953
1023,44,0.043010752688172046,0.22166630645891866,0.36689334319225675,1.1184813892068042,0.016113017574163016,1.4499863032555578,0.09090909090909091,0.8181818181818182,0.4499992687511883,11623,2021-06-21, GFP_test_reseed,human (GFP),1200.00195
1015,312,0.30738916256157633,0.5048768521211534,1.1130191143782828,0.8972767942484363,0.000704903614198476,0.9324671950289543,0.08974358974358974,0.11858974358974358,0.0,12106,2021-06-23, ngn2_test_rate_code_random_3_reseed,human NGN2,600.14635
1011,235,0.2324431256181998,0.4150014525050838,0.7311656796472548,0.9183975115092862,0.0007877674044981539,1.0959771162439902,0.07234042553191489,0.11063829787234042,0.0,12123,2021-06-21, ngn2_test_rate_code_random_3_reseed,human NGN2,599.9979
1013,177,0.17472852912142153,0.293347756264683,0.5949727556520117,0.8859368022690579,0.0008756638348771877,0.9659989868304208,0.062146892655367235,0.096045197740113,0.0,12123,2021-06-22, ngn2_test_rate_code_random_3_reseed,human NGN2,599.9705
1020,272,0.26666666666666666,0.6223312445108635,1.030964309393789,0.8745363640614155,0.0019650882875139396,1.256965171140346,0.09191176470588236,0.12867647058823528,0.0,12123,2021-06-23, ngn2_test_rate_code_random_3_reseed,human NGN2,600.1627
1014,222,0.21893491124260356,0.4391689723037713,0.8065357658443022,0.8814235574702453,0.0007183644197955515,0.9511451388419989,0.07657657657657657,0.10810810810810811,0.0,12138,2021-06-21, ngn2_test_rate_code_random_3_reseed,human NGN2,599.99685
1017,245,0.24090462143559488,0.43167400512475385,0.8649058598622027,0.8877729565414223,0.0008134802527869126,0.9452670797476407,0.07755102040816327,0.17142857142857143,0.0,12138,2021-06-22, ngn2_test_rate_code_random_3_reseed,human NGN2,599.9898
1017,297,0.2920353982300885,0.5898890517008593,1.2677413569595766,0.8750764154169085,0.0006116401792148794,0.8369174467086495,0.09764309764309764,0.12794612794612795,0.0,12138,2021-06-23, ngn2_test_rate_code_random_3_reseed,human NGN2,600.11285
1013,240,0.23692003948667326,0.4416746536166529,0.8472236539610757,0.8926131124226676,0.0007883124590046971,1.0798427791744598,0.08333333333333333,0.10833333333333334,0.0,12160,2021-06-22, ngn2_test_rate_code_random_3_reseed,human NGN2,599.98915
1008,203,0.2013888888888889,0.5100160230033894,0.8479166222935225,0.900748510762839,0.0008820186542045846,1.001658912871126,0.08374384236453201,0.11822660098522167,0.0,12250,2021-06-21, ngn2_test_rate_code_random_3_reseed,human NGN2,599.98115
1010,225,0.22277227722772278,0.5100079051225295,0.8031013369596117,0.8935356780562217,0.0006506198114161438,0.9961285043516012,0.07555555555555556,0.12,0.0,12250,2021-06-22, ngn2_test_rate_code_random_3_reseed,human NGN2,599.9907
1017,268,0.2635201573254671,0.5866703822457542,1.1249511545413915,0.8914256875513076,0.0004777876988410482,0.8762216134769395,0.09328358208955224,0.11567164179104478,0.0,12250,2021-06-23, ngn2_test_rate_code_random_3_reseed,human NGN2,599.9962
1016,255,0.25098425196850394,0.4132316439129604,0.8168251367384507,0.9015892034948643,0.000564549878904942,0.961057954967908,0.07450980392156863,0.10588235294117647,0.0,12265,2021-06-21, ngn2_test_rate_code_random_3_reseed,human NGN2,600.14765
762,276,0.36220472440944884,0.473769384024995,0.8538208476911174,0.8028767606318327,0.001262901377166039,1.145122903040729,0.07597826086956531,0.08695652173913043,0.0,12265,2021-06-22, ngn2_test_rate_code_random_3_reseed,human NGN2,60.15585
1019,322,0.31599607458292445,0.5498652371947841,1.1045584836715439,0.8891694230851408,0.0003284255050178794,0.8570978619447196,0.08695652173913043,0.12422360248447205,0.0,12265,2021-06-23, ngn2_test_rate_code_random_3_reseed,human NGN2,600.14705
1005,186,0.18507462686567164,0.43750769284359914,0.7743594939573026,0.8984404109285503,0.0007248884391105362,0.9857805606676463,0.07526881720430108,0.10215053763440861,0.0,12285,2021-06-21, ngn2_test_rate_code_random_3_reseed,human NGN2,599.98945
1006,197,0.19582504970178927,0.466556170613593,0.839885689441417,0.8857912735960402,0.000590140740017815,0.9522080925533404,0.08121827411167512,0.1065989847715736,0.0,12285,2021-06-22, ngn2_test_rate_code_random_3_reseed,human NGN2,600.1421
1012,234,0.23122529644268774,0.5308512495630061,1.070007622728777,0.8863755563815549,0.0007040590330769268,0.8810840114076861,0.08974358974358974,0.1282051282051282,0.0,12285,2021-06-23, ngn2_test_rate_code_random_3_reseed,human NGN2,599.97975
1012,133,0.13142292490118576,0.2699838009719417,0.383335395866223,1.4193421746104073,0.034069383188889836,4.819842541135447,0.07518796992481203,0.9624060150375939,0.949943003419795,7282a,2021-03-09, GFP_predictable_stim_test_no_random_3,human (GFP),1200.072
1024,52,0.05078125,0.1537771096229506,0.3224767217536109,1.1481776909807109,0.023038947108223278,1.684251761686093,0.07692307692307693,0.8269230769230769,0.5000881613754491,9323,2021-04-16, prim_test_rate_code,mouse primary,1199.78845
991,75,0.07568113017154389,0.256615258076632,0.5070539757424152,0.9390537324306139,0.0004539523220359041,0.7975633771818049,0.06666666666666667,0.10666666666666667,0.0,9323,2021-04-23, low_test_rate_code,mouse primary,600.1202
990,65,0.06565656565656566,0.22334236008705355,0.462505872432857,0.9764616226681347,0.0019539770926978537,0.8686243648275045,0.07692307692307693,0.15384615384615385,0.0,9353,2021-06-02, GFP_low_test_rate_code_random_3,human (GFP),599.97575
990,48,0.048484848484848485,0.2716732547430942,0.47837965626221995,0.9615838058085363,0.00021742601640422596,0.7843099784492643,0.08333333333333333,0.125,0.0,9353,2021-06-07, GFP_low_test_rate_code_random_3,human (GFP),599.98545
995,57,0.05728643216080402,0.24668905369828978,0.520661285099342,0.9585268442366885,0.0013116209088364545,0.8255892382872619,0.08771929824561403,0.14035087719298245,0.0,9353,2021-06-10, GFP_low_test_rate_code_random_3,human (GFP),599.94555
988,42,0.04251012145748988,0.33166987280877047,0.6877844263605658,0.9727711189821964,-0.0006446860260461463,0.7270827477728679,0.11904761904761904,0.16666666666666666,0.0,9353,2021-06-11, GFP_low_test_rate_code_random_3,human (GFP),599.9942
983,43,0.04374364191251272,0.23834644238766467,0.5639069838763612,0.9565276806595867,-0.0002877016538734231,0.7431437482121257,0.09302325581395349,0.16279069767441862,0.0,9353,2021-06-17, GFP_low_test_rate_code_random_3,human (GFP),599.967
989,57,0.057633973710819006,0.30159270105673247,0.5449833019095341,0.9315830140637166,0.002746553323958975,0.8711042437133153,0.08771929824561403,0.12280701754385964,0.0,9353,2021-06-18, GFP_low_test_rate_code_random_3,human (GFP),600.14715
1002,90,0.08982035928143713,0.26166884724039363,0.4154664251831728,1.0077265710042855,0.0026044336645011214,1.1317327069890095,0.06666666666666667,0.15555555555555556,0.0,9358,2021-06-02, GFP_low_test_rate_code_random_3,human (GFP),599.995
1006,83,0.08250497017892644,0.2799498423199177,0.48716171284371795,0.9803919123133941,0.0030304936231597777,1.2179663374051355,0.07228915662650602,0.14457831325301204,0.0,9358,2021-06-07, GFP_low_test_rate_code_random_3,human (GFP),600.1075
995,85,0.08542713567839195,0.3150183760719375,0.5363842302565688,0.957377759212417,0.0017529705699678435,1.0998590797195162,0.08235294117647059,0.1411764705882353,0.0,9358,2021-06-09, GFP_low_test_rate_code_random_3,human (GFP),599.965
1000,90,0.09,0.3316702874006374,0.5464504098614188,0.9707738468444185,0.0033085493968225002,1.2221050321489297,0.07777777777777778,0.15555555555555556,0.0,9358,2021-06-10, GFP_low_test_rate_code_random_3,human (GFP),599.99345
998,94,0.09418837675350701,0.2940965246455387,0.4710933180025215,0.9539071519530927,0.002591687927674738,1.1927567293190238,0.07446808510638298,0.13829787234042554,0.0,9358,2021-06-11, GFP_low_test_rate_code_random_3,human (GFP),600.1431
994,83,0.08350100603621731,0.32001008031753003,0.4837903397973101,0.9629682927110499,0.0025761030610039447,1.1908064378517218,0.07228915662650602,0.12048192771084337,0.0,9358,2021-06-15, GFP_low_test_rate_code_random_3,human (GFP),599.9811
1001,96,0.0959040959040959,0.30825752766965386,0.468808323330932,0.9979400782204968,0.006429291806169829,1.5533677562416681,0.08333333333333333,0.14583333333333334,0.0,9358,2021-06-16, GFP_low_test_rate_code_random_3,human (GFP),600.14755
1004,86,0.08565737051792828,0.3290887549039431,0.48783024262416713,0.9603799133727025,0.0021033527215402487,1.0837139192458323,0.06976744186046512,0.1511627906976744,0.0,9358,2021-06-17, GFP_low_test_rate_code_random_3,human (GFP),600.14205
1007,97,0.09632571996027806,0.2916033644363036,0.47445026935883766,0.9636511048853645,0.008096988115380595,1.6137131609211486,0.08247422680412371,0.17525773195876287,0.0,9358,2021-06-18, GFP_low_test_rate_code_random_3,human (GFP),600.13025
1002,202,0.20159680638722555,0.30265927444317575,0.5915984574010786,1.2059395627499019,0.09540569136692575,9.629189494790094,0.17361386138613716,0.40594059405940597,3.001579581254635,9381,2021-05-31, prim_test_rate_code_random_3,mouse primary,599.68425
1004,262,0.26095617529880477,0.3016743090824968,0.6785477242268255,1.2115619712289132,0.10338895603586282,13.244986852945974,0.1908778625954207,0.44274809160305345,2.800070935130357,9381,2021-06-01, prim_test_rate_code_random_3,mouse primary,599.9848
1009,298,0.29534192269573833,0.43351540980545156,0.865128454622082,1.1645917266002577,0.0757161522735865,11.241453733573941,0.18476510067113924,0.6006711409395973,3.301386582364593,9381,2021-06-02, prim_test_rate_code_random_3,mouse primary,599.748
1007,27,0.026812313803376366,0.19170013431511584,0.5515777777685168,1.0732788690041184,0.05352026637523618,1.377752213949684,0.14814814814814814,0.5185185185185185,4.100715916653782,9431,2021-04-21, low_test_rate_code_3,mouse primary,599.89525
1012,28,0.02766798418972332,0.16080430815571123,0.8407411033736982,1.0243589387863907,0.027337017340732562,0.8128436425822937,0.14285714285714285,0.5357142857142857,2.099621018406178,9431,2021-04-22, low_test_rate_code_3,mouse primary,600.1083
996,28,0.028112449799196786,0.13580736017569975,0.7659249454256161,0.990726823520621,0.00893210796688988,0.6673198676486547,0.14285714285714285,0.32142857142857145,1.1997705438834823,9431,2021-04-23, low_test_rate_code_3,mouse primary,600.11475
1004,31,0.030876494023904383,0.17834667960985748,1.118847167923281,1.0187180968836507,0.02449999500790132,0.6089445648740489,0.16129032258064516,0.4838709677419355,1.0000748389337801,9431,2021-04-27, low_test_rate_code_3,mouse primary,599.9551
1024,916,0.89453125,0.3008710174282662,0.3047925420781224,1.6496816259180627,0.4438148985362068,385.7484751128348,0.40412663755458944,1.0,21.502693212324843,9468,2021-06-18, GFP_low_test_rate_code_random_3,human (GFP),599.92485
1006,24,0.02385685884691849,0.2749290453955342,0.5298632511259386,0.9493033203691426,0.0008783961332408397,0.9142706648821981,0.125,0.25,0.49987099162824394,9468,2021-06-21, GFP_low_test_rate_code_random_3,human (GFP),600.15485
993,50,0.050352467270896276,0.2375097972791378,0.4044833516049204,0.960105947289327,0.0016738860013684122,0.9606826006482824,0.08,0.14,0.0,9495,2021-06-02, GFP_low_test_rate_code_random_3,human (GFP),599.97525
989,48,0.04853387259858443,0.29091622021307567,0.513549096474515,0.9811949182638247,0.00381168101219705,0.9976427155348706,0.10416666666666667,0.1875,0.0,9495,2021-06-07, GFP_low_test_rate_code_random_3,human (GFP),599.82905
1008,51,0.050595238095238096,0.2766653755615807,0.5487229294890742,0.9824759883751494,0.0023299991678203467,0.975341473099067,0.09803921568627451,0.1568627450980392,0.0,9495,2021-06-09, GFP_low_test_rate_code_random_3,human (GFP),600.0028
1003,55,0.054835493519441676,0.3516747551860359,0.6139838185975247,0.9691296329350655,0.006467885469708053,1.1635323233439159,0.10909090909090909,0.16363636363636364,0.0,9495,2021-06-10, GFP_low_test_rate_code_random_3,human (GFP),599.9862
1000,44,0.044,0.33659376606683267,0.5604467983824322,1.0026714543250153,0.006041118328409528,1.1423405283413544,0.11363636363636363,0.20454545454545456,0.09997834635648496,9495,2021-06-11, GFP_low_test_rate_code_random_3,human (GFP),600.12995
995,48,0.04824120603015075,0.3099295168623736,0.5285256377945382,0.9095749886710397,0.004648155963245336,1.1304045178570221,0.10416666666666667,0.16666666666666666,0.0,9495,2021-06-15, GFP_low_test_rate_code_random_3,human (GFP),600.13645
1001,60,0.059940059940059943,0.302501840219528,0.5897813656144185,0.9714989562826527,0.009255745755349367,1.4075161383537538,0.1,0.18333333333333332,0.0,9495,2021-06-16, GFP_low_test_rate_code_random_3,human (GFP),599.99635
1006,55,0.05467196819085487,0.3350029591928062,0.5823687806211985,0.9493261826213236,0.009081420250136049,1.3146721497405116,0.10909090909090909,0.2,0.10000088334113619,9495,2021-06-17, GFP_low_test_rate_code_random_3,human (GFP),599.9947
1003,59,0.058823529411764705,0.3301770299175408,0.6170257438905866,0.9857380834766714,0.013555985361014582,1.7888445682992056,0.11864406779661017,0.23728813559322035,0.20010729085911563,9495,2021-06-18, GFP_low_test_rate_code_random_3,human (GFP),599.6783
1012,178,0.17588932806324112,0.2824975046053759,0.5924854030830592,1.2911078516511463,0.07354545171422698,6.664810465624687,0.11797752808988764,0.42696629213483145,1.2999885167681018,9501,2021-05-31, prim_test_rate_code_random_3,mouse primary,600.0053
1019,253,0.24828263002944062,0.2999362885333774,0.6095674874031871,1.3001804457372477,0.08085656546445673,11.163902385321238,0.12648221343873517,0.49407114624505927,1.1997451541335096,9501,2021-06-01, prim_test_rate_code_random_3,mouse primary,600.12745
1017,283,0.2782694198623402,0.41834246714386597,0.7365296262443073,1.1522021966287317,0.05258524077438187,8.892112148885653,0.12367491166077739,0.5300353356890459,1.200026200572046,9501,2021-06-02, prim_test_rate_code_random_3,mouse primary,599.9869
1004,134,0.13346613545816732,0.41583465014305876,1.008311650698337,0.9228460724707876,0.013324428957507345,1.4989329554177218,0.12686567164179105,0.2537313432835821,0.6000019000060167,9501,2021-07-12, prim_rate_code_crecontrol,mouse primary,599.9981
1013,156,0.1539980256663376,0.35168008912340154,0.9792681446316228,0.9718457953639827,0.02355961756264509,2.347062655874971,0.1346153846153846,0.2692307692307692,1.8000687026221502,9501,2021-07-13, prim_rate_code_crecontrol,mouse primary,599.9771
1007,236,0.23435948361469713,0.3300028325243125,1.006618809636308,1.0910602928583495,0.06918803309502575,7.238223596735468,0.19919491525423821,0.3305084745762712,6.300054075464147,9501,2021-07-14, prim_rate_code_crecontrol,mouse primary,599.99485
1009,252,0.24975222993062438,0.2750019479304645,0.8934785510286253,1.164498629697952,0.11647326901307023,12.34321882341164,0.2222222222222222,0.3888888888888889,5.50003895860929,9501,2021-07-15, prim_rate_code_crecontrol,mouse primary,599.99575
1002,30,0.029940119760479042,0.1516862468330287,0.4003294536380849,0.9644481254238928,-0.0005309111489581463,0.8318603181492543,0.1,0.16666666666666666,0.0,9501,2021-07-20, prim_rate_code_crecontrol,mouse primary,599.92255
1000,73,0.073,0.24333647642948722,0.8954225247783879,0.975083734130447,0.020659437477211804,1.009045944451329,0.1232876712328767,0.3972602739726027,2.20002841703372,9501i,2021-04-19, prim_test_rate_code,mouse primary,599.99225
996,86,0.08634538152610442,0.21333534224113943,0.7366542236489781,0.9491874541596654,0.07385190417089989,2.5861629764312366,0.1511627906976744,0.4069767441860465,5.500051792154376,9501i,2021-04-20, prim_test_rate_code,mouse primary,599.99435
1002,73,0.07285429141716566,0.24166652569452668,0.7896114115394619,1.063386036107535,0.05109674734013421,1.9075118066599197,0.136986301369863,0.4657534246575342,3.3999980166678236,9501i,2021-04-21, prim_test_rate_code,mouse primary,600.00035
996,61,0.06124497991967871,0.22500466884687856,0.8729416108061837,1.0064718707312768,0.017013555839652524,0.8583548084956301,0.11475409836065574,0.45901639344262296,1.7000352757319712,9501i,2021-04-22, prim_test_rate_code,mouse primary,599.98755
1000,93,0.093,0.18167175347576398,0.5879555308552222,1.0413300230707463,0.07902042250669146,3.3841720457448585,0.12903225806451613,0.5053763440860215,4.5001260035280986,9501i,2021-04-23, prim_test_rate_code,mouse primary,599.9832
1002,82,0.08183632734530938,0.21328630370336674,0.8491420324745225,0.9655313650912658,0.02480845193681795,1.0778458147366727,0.10975609756097561,0.35365853658536583,1.7996031874971568,9501i,2021-04-27, prim_test_rate_code,mouse primary,600.1323
1024,190,0.185546875,0.38498570740561255,0.6366825035129342,1.1550214054544443,0.030391731410484735,6.314014383058359,0.09473684210526316,0.9631578947368421,0.14999443145673216,11609,2021-06-25, GFP_rate_code_reseed,human (GFP),1200.04455
1023,52,0.05083088954056696,0.2241635190372535,0.34207852998064153,1.1303618486923936,0.04090024780642017,2.310632433783108,0.07692307692307693,0.9038461538461539,1.099984554383549,11623,2021-06-21, GFP_test_reseed,human (GFP),1200.01685
1024,197,0.1923828125,0.34496150804506065,0.5744494373959624,1.005579472619513,0.03979796722242948,5.575462517446442,0.07614213197969544,0.9746192893401016,0.9998884291161176,12265,2021-06-21, ngn2_test_rate_code_random_3_reseed,human NGN2,1200.1339
1024,45,0.0439453125,0.17919795164239088,0.36063703528981844,1.2035232766247292,0.02677046012580789,1.6668734209746583,0.08888888888888889,0.8888888888888888,0.5000873069089978,9323,2021-04-16, prim_test_rate_code,mouse primary,1199.7905
1024,190,0.185546875,0.416694984563326,0.6512679432945061,1.173416835067778,0.04124272590381885,7.319140346199113,0.1,0.9473684210526315,0.5000339814759912,11609,2021-06-25, GFP_rate_code_reseed,human (GFP),1199.91845
1024,185,0.1806640625,0.3916235391244206,0.5976639119914218,0.9930222738893447,0.021430243683859637,3.646238167383762,0.08108108108108109,0.9459459459459459,0.6999229209883262,12265,2021-06-21, ngn2_test_rate_code_random_3_reseed,human NGN2,1200.13215
1024,188,0.18359375,0.4175316106223542,0.6467289273082122,1.1695833878254565,0.03406285645245207,6.6141506543929625,0.10106382978723404,0.9414893617021277,0.30002271421965576,11609,2021-06-25, GFP_rate_code_reseed,human (GFP),1199.90915
1024,188,0.18359375,0.397549693711714,0.6136449680323516,0.9848256976004923,0.022985392958537892,3.859233320229344,0.0797872340425532,0.9627659574468085,0.8501062632829104,12265,2021-06-21, ngn2_test_rate_code_random_3_reseed,human NGN2,1199.85
